channel,mean_abs_shap
F8-T8,0.06572185120263598
F4-C4,0.06023868982480879
F8-F4,0.05790061204624912
T8-P8,0.057718398547949946
FP2-F8,0.056770757336301526
FP2-F4,0.05604952556621391
P8-O2,0.053768078055579274
P4-O2,0.053571298786793974
F7-F3,0.04708212786800555
FP1-F7,0.04692536687127656
FZ-CZ,0.0461404700144712
T7-T8,0.04496342860569909
C4-P4,0.04449221017905423
F3-C3,0.04314168740956443
CZ-PZ,0.04110758771731802
FP1-F3,0.04051286311537788
F7-T7,0.038487637583354016
P7-O1,0.03504941973923216
P3-O1,0.034782834282478414
C3-P3,0.030143297298296134
FP1-FP2,0.026722640188110113
T7-P7,0.026552929669968216
AF1-AF2,0.023243966933206992
