subject_id,edf_id,window_index,start_sec,end_sec,label,model_probability
chb02,chb02_16,103,206.0,210.0,1,5.428607e-08
chb05,chb05_16,1170,2340.0,2344.0,1,0.99857605
chb02,chb02_16,77,154.0,158.0,1,1.058995e-06
chb13,chb13_62,1349,2698.0,2702.0,1,1.1116264e-10
chb05,chb05_17,1233,2466.0,2470.0,1,1.1015142e-18
chb05,chb05_13,548,1096.0,1100.0,1,2.5223396e-10
chb13,chb13_59,1683,3366.0,3370.0,1,5.7215157e-12
chb05,chb05_22,1177,2354.0,2358.0,1,1.657747e-10
chb13,chb13_62,1331,2662.0,2666.0,1,2.8162864e-08
chb05,chb05_17,1260,2520.0,2524.0,1,0.99999976
